CDRb	CDRa	Counts
CASSYFGGSLSEQYF	CAMREGTGRRALTF	18
CASSPGPYEQYF	CAVGEYGNKLVF	1
CASSQGWDEQYF	CVVNEYSSASKIIF	1
CASSFVNTGELFF	CAVYSGGYNKLIF	1
CASSWTGANYGYTF	CAVNDYKLSF	1
CASSFQGYTEAFF	CADYYGQNFVF	3
CASSPTTRTRYYGYTF	CATNTGNQFYF	1
CASSSANYGYTF	CAAPRETSYDKVIF	28
CASSSANYGYTF	CAGPMKTSYDKVIF	3
CASSSANYGYTF	CAGPTKTSYDKVIF	3
CASSYATEVAGETQYF	CAMRAFGADGQKLLF	1
CASSYATEVAGETQYF	CAVNYGNMLTF	1
CASSYATGIPDTQYF	CAVFYGNKLVF	6
CASSYSTGTAYGYTF	CARNTGNQFYF	1
CAWSISDSSRVEAFF	CILSNNNDMRF	8
CASRTGTSGGFPNTGELFF	CVVNLPNTGFQKLVF	1
CASSASGGRDYGYTF	CALRIGGSTLGRLYF	1
CASSLLGNTEAFF	CAVSSGTYKYIF	1
CASSLSGQGATNEKLFF	CAMSVGGLTGGGNKLTF	1
CASSLAGGGEQYF	CAVITGGGNKLTF	1
CASSLFNQETQYF	CATGLNYGGSQGNLIF	1
CASSPLRGPADRTGTEAFF	CASSGLSSGGSYIPTF	8
CSALTGSSYEQYF	CAVKGGGADGLTF	1
CASSHRGSGNTIYF	CAAYNAGNMLTF	1
CASSFEWSYEQYF	CAVNRDSGTYKYIF	1
CASGFTFQGSPEAFF	CAVSFGSSNTGKLIF	1
CASRPGGGGYTF	CAVRYSSASKIIF	1
CASSSRDRSSSTEAFF	CALSPGYNFNKFYF	1
CASSSRDRSSSTEAFF	CIVRGFAYGQNFVF	1
CASSTALAASYEQYF	CAFGDNYGQNFVF	1
CASSTTEAYEQYF	CAGGPYNTDKLIF	1
CASSTTEAYEQYF	CAVRDDTGGFKTIF	1
CASSTTGGGNYEQYF	CAVGRDGNQFYF	1
CASSVGSGGRPSSYNEQFF	CAGLADSNYQLIW	1
CATHGVSSRETQYF	CAMREGTGRRALTF	1
CASGFTFQGSPEAFF	CAVSFGSSNTGKLIF	1
CASSSRDRSSSTEAFF	CALSPGYNFNKFYF	1
CASSSRDRSSSTEAFF	CIVRGFAYGQNFVF	1
CASSTALAASYEQYF	CAFGDNYGQNFVF	1
CASSTTEAYEQYF	CAGGPYNTDKLIF	1
CASSTTEAYEQYF	CAVRDDTGGFKTIF	1
CASSTTGGGNYEQYF	CAVGRDGNQFYF	1
CASSVGSGGRPSSYNEQFF	CAGLADSNYQLIW	1
CATHGVSSRETQYF	CAMREGTGRRALTF	1
CASSLAYSYEQYF	CAPGIAGGTSYGKLTF	1
CASSHRGSGNTIYF	CAAYNAGNMLTF	1
CASSAGLFPEQFF	CVVNGGGYQKVTF	1
CASSQTIGTGFSNEQFF	CAVMADGQKLLF	1
CASSFLGTGLNEQYF	CAYRSPPSSEKLVF	1
CASSFLGTGLNEQYF	CAYRSPPSSEKLVF	15
CASSIGLNQPQHF	CALLDGNKLVF	1
CASSIGLNQPQHF	CASLRNMLTF	1
CASSFLGTGLNEQYF	CAYRSPPSSEKLVF	14
CASSFPPAGTGELFF	CAYRLGGSEKLVF	1
CASSIGLNQPQHF	CALLDGNKLVF	1
CASSIGLNQPQHF	CASLRNMLTF	1
CASLGLEYEQYF	CALDAGNMLTF	1
CATRGGEGQPQHF	CAVRDMHPRGYNKLIF	1
CATRGGEGQPQHF	CLVGGYSGGYQKVTF	1
CASSEVRGPWAETQYF	CAVEGSRLTF	1
CASSEVRGPWAETQYF	CAVSETGAGNNRKLIW	1
CATSVGSGPLSTDTQYF	CAVGSARQLTF	1
CSARDLGLHQPQHF	CAMREGTTDSWGKLQF	1
CASSAGLFPEQFF	CVVNGGGYQKVTF	1
CASSLGLADPNNEQFF	CAASASTDKLIF	1
CATRKSYNSPLHF	CAYSMLDRLMF	1
CSARDGGLAGEQKVGDTQYF	CAMSLSNFGNEKLTF	1
CASSLAENSGNTIYF	CAYRSALWGAQKLVF	1
CSALTGNQPQHF	CAVSSYDKVIF	1
CASSLWGAGELFF	CAVNGDSGGSNYKLTF	1
CASSVDGGSQPQHF	CVVADDKIIF	1
CASRTRQEAFF	CAMSQDYNTDKLIF	1
CASSIRSSYEQYF	CAGGGSQGNLIF	1
CASSIYGAGYTEAFF	CATDAVSGTGGTSYGKLTF	1
CASSPRSTDTQYF	CAGAGGGSQGNLIF	1
CASSPTTRTRYYGYTF	CATNTGNQFYF	1
CASSVYSGGYNEQFF	CDPSGGNNRKLIW	1
CASTGQNPEAFF	CAVSPFGNVLHC	1
CASWDRGNEQFF	CGTLRNNNARLMF	1
CASTSYTEAFF	CATDEVDSSYKLIF	1
CASTWTGEQYF	CALSLAEGNFNKFYF	1
CAISETTGINEQFF	CAAPGNTPLVF	1
CASMRGAHTGELFF	CAAFSGGGADGLTF	1
CASNSGGYNEQFF	CAVNPTGYSTLTF	1
CASRPQGLGNTIYF	CAGNTGNQFYF	1
CASRSYVASSNEQFF	CGGQAGTALIF	1
CASSALGINEQFF	CAVSGGGADGLTF	1
CASSDMAGDGYTF	CAMTLSNFGNEKLTF	1
CASSDPGSGAYEQYF	CALPSGNTPLVF	1
CASSDSYEQYF	CAVNKGFQKLVF	1
CASSEANEKLFF	CAVNTGFQKLVF	1
CASSEAPGTSVGGLFF	CAVNPGGADGLTF	1
CASSEGGIGELFF	CAVTTDSWGKLQF	1
CASSFAGTTEAFF	CAVTAGGTSYGKLTF	1
CASSFALSNEAFF	CAVTGGGTSYGKLTF	1
CASSFGGGGQPQHF	CAVTGQGGKLIF	1
CASSFGGLARNEQFF	CAASGGGADGLTF	1
CASSLAGQVFSGELFF	CAVQGGGSQGNLIF	1
CASSLEGTGLTDTQYF	CAVPTNFGNEKLTF	1
CASSLELAGGPAFF	CAVIRSGGYNKLIF	1
CASSLGAGGGGTQYF	CAPPGDGNNRLAF	1
CASSLGGLGQPQHF	CAAFTSGNTPLVF	1
CASSLGLGQPQHF	CAASKEAAGNKLTF	1
CASSLGLGQPQHF	CAVKDGQNFVF	1
CASSLGQGQPQHF	CAAEFYF	1
CASSLGVGTEAFF	CAVGLGFGNVLHC	1
CASSLQGGYGGGYTF	CAGLNNARLMF	1
CASSLSTVFTDTQYF	CASTGGKLIF	1
CASSLTSGSFAGELFF	CAVGREAAGNKLTF	1
CASSLTTGVFSQPQHF	CAVGRDDKIIF	1
CASSMAGEQYF	CAAPSGNTPLVF	1
CASSPDVGHEKLFF	CAASLGGGADGLTF	1
CASSPEPGSHEQYF	CAVNRDNFNKFYF	1
CASSPGGTEAFF	CAGGGGSSNTGKLIF	1
CASSPGQSPTNEKLFF	CAMSQSNFGNEKLTF	1
CASSPIGGGSNEQFF	CALAIGFGNVLHC	1
CASSPNLAGEEQYF	CAVNTGFQKLVF	1
CASSPQGSGGEAFF	CALSRPSRGSQGNLIF	1
CASSPSPAGAYEQYF	CAVRSERSGGGADGLTF	1
CASSPYRTGNIQYF	CAVGGGSQGNLIF	1
CASSQAGVGGELFF	CAVSDGQKLLF	1
CASSQAPLASGGYTF	CAVNGNNRLAF	1
CASSQEVGLAGETQYF	CAVANAGNMLTF	1
CASSQEVVANNEQFF	CASDNNARLMF	1
CASSQGSGQPQHF	CAALTGNQFYF	1
CASSQGTINTGELFF	CAAGGSQGNLIF	1
CASSQVGSTEAFF	CAVNLNQAGTALIF	1
CASSRSPGGVYEQYF	CAVRTQIIF	1
CASSSGPTMGGKLFF	CAVEGSRLTF	1
CASSSPGGETQYF	CAVNTGFQKLVF	1
CASSSTVYNEQFF	CAASGGGADGLTF	1
CASSTTGTGLLEQYF	CALPKGGYSTLTF	1
CASSWTGGGQPQHF	CAVNVQGGSEKLVF	1
CASSYFGGSLSEQYF	CAMREGTGRRALTF	60
CASSYFRGSLSEQYF	CAMREGTGRRALTF	1
CASSYGTGDGYTF	CAVSGTASKLTF	1
CASSYSGLGQPQHF	CAVTRGGADGLTF	1
CASSYSIGNTEAFF	CAVNVANDMRF	1
CASSYSQGVYTGELFF	CAGSGGGYQKVTF	1
CASSYSQGVYTGELFF	CAGYKLVF	1
CASTQGDTGELFF	CAVNTGGGADGLTF	1
CASTQWYGGGTPPYF	CAVNGGNQFYF	1
CASTTGDGLGAFF	CAVSGSARQLTF	1
CASTYGGLNEQYF	CAVPTFVNTGKLIF	1
CATSGSYEQYF	CAPTIYNQGGKLIF	1
CATSGSYEQYF	CAVNGGGKLTF	1
CATSPYSVTTFANTIYF	CATCMDSNYQLIW	1
CAWSVSGLGYGYTF	CAADNYGQNFVF	1
CSALTGNQPQHF	CAVSSYDKVIF	1
CSARDGTSSGYF	CAVNIPTF	1
CSARHPGVSTDTQYF	CVVNPFGNEKLTF	1
CASRSHPTYEQYF	CAVGAGPGAGSYQLTF	1
CASSAGRYEQYF	CAVSVITQGGSEKLVF	1
CASSATGVSPYEQYF	CAYYGGSQGNLIF	1
CASSFANSPLHF	CAMRVRTWGQNFVF	1
CASSPLRGPADRTGTEAFF	CASSGLSSGGSYIPTF	1
CASSQEMASVQETQYF	CAVNNDYKLSF	1
CASSQETSPNYGYTF	CVVTASNDMRF	1
CASSQTGTGAYEQYF	CAVNQAGTALIF	1
CASSSGPRGNEQFF	CALNFGNEKLTF	1
CASSVAGSTEAFF	CAVITGGGNKLTF	1
CASSVGVGTDTQYF	CAATQGGSEKLVF	1
CASSYAQGAETQYF	CAVRDMGSNYQLIW	1
CASSYFGGSLSEQYF	CAMREGTGRRALTF	11
CASSYRQDSNQPQHF	CAMREGPGGTSYGKLTF	1
CASSYSPGTGNTIYF	CAYGSNNNDMRF	1
CASTYGGGALNEQFF	CAVSDLNYGQNFVF	1
CSANRQGSIYF	CAEYSSASKIIF	1
CSPLGGQGVWDEQFF	CAMRELTSGTYKYIF	1
CASSPWRGPFQETQYF	CAGVPSNTGKLIF	1
CASSYRFDSPLHF	CALPNFGNEKLTF	1
CASVLGGSSYNEQFF	CATDGEDDSWGKLQF	1
CASSLVPLSPEQYF	CAMSESDGQKLLF	1
CASSQDIGNFEQFF	CAVNPRDNYGQNFVF	1
CASSLGQGLSYEQYF	CVVNFPTNAGKSTF	1
CASSLVMDNYGYTF	CATGFSGAGSYQLTF	1
CASSLVMDNYGYTF	CAVEGSRLTF	1
CAISEASGVTYEQYF	CASLGQGAQKLVF	1
CAISEGAAYGYTF	CAVNSDGQKLLF	1
CASGPGTAYGYTF	CAAKDNRKLIW	1
CASGRGPNYGYTF	CAGASTGDYKLSF	1
CASSEALYEQYF	CAGRSYNTNAGKSTF	1
CASSEALYEQYF	CAVTDYKLSF	1
CASSEGPGQGSYEQYF	CAVSDDKIIF	1
CASSFDLAGVNYEQYF	CAVDRDDKIIF	1
CASSFGASYGYTF	CVVNDNDMRF	1
CASSFGDSYEQYF	CVVNMGKNGQKLLF	1
CASSFWGADTQYF	CAWYSGGGADGLTF	1
CASSGGYEQYF	CAEGGGADGLTF	1
CASSHDAGASTGELFF	CASSTDSWGKLQF	1
CASSIQGRGDTEAFF	CAMRSSDPGGYNKLIF	1
CASSLGGQGAYEQYF	CAVTGNQFYF	1
CASSLTALGAAYVYTF	CVVSDDKIIF	1
CASSLTPSASGYEQYF	CVVNNDKIIF	1
CASSPGQVSYEQYF	CAVVGGYNKLIF	1
CASSPGTGGTYEQYF	CVVAEARLMF	1
CASSPMNEQFF	CAVTNDKIIF	1
CASSQAQGTYEQYF	CAVGSDSSYKLIF	1
CASSQGAAYEQYF	CALQDDKIIF	1
CASSQGGGTEAFF	CAVNEGTGNQFYF	1
CASSQTAGGYEQYF	CAVIGSGKLIF	1
CASSVDGGSQPQHF	CVVADDKIIF	1
CASSVGGVPYNEQFF	CARNTGNQFYF	1
CASSYGGGYEQYF	CIVAAISGSARQLTF	1
CATSPRGGHEQYF	CAGNNARLMF	1
CATSRTGTGSTEAFF	CAVSDDKIIF	1
CATSSSGAYEQYF	CAPGDDKIIF	1
CSAIGPRGTDTQYF	CAFEGGKLIF	1
CSAWWGAEQYF	CAVRLGGADGLTF	1
CASSESTIVQGYNEQFF	CALSGSDSWGKLQF	1
CASRGPYHNEQFF	CAVNPSNQFYF	1
CASSALAGGQADTQYF	CAMDSSYKLIF	1
CASSALAGGQADTQYF	CIVRVECMYSGGGADGLTF	1
CASSGTGGYSGANVLTF	CAAGGSYIPTF	1
CASSLERLRVYSGYTF	CVVSEEYTNAGKSTF	1
CATSDSTGSYGYTF	CAADSWGKLQF	1
CSVGLGQTGTEAFF	CAVSGYSTLTF	1
CASSLVGGITGELFF	CSLANAGKSTF	1
CASSQDPGNGNTIYF	CVFPNQGGSEKLVF	1
CASSTSAGFSNQPQHF	CAMSDTNAGKSTF	1
CAWSGFSRTEAFF	CAYRSVPDMRF	1
