CDR3b	CDR3a	Counts	Peptide
CASRGSGASTGELFF	CAVSFYNQGGKLIF	1	GANAB-S5F
CASRMGTSGSTDTQYF	CAASAQGGTSYGKLTF	1	GANAB-S5F
CASSEISSGGPFLDTQYF	CAASAGLAGSYQLTF	1	GANAB-S5F
CASSLNREGNTEAFF	CALGELVTGGGNKLTF	1	GANAB-S5F
CASSNQETQYF	CAMREPSQGGSEKLVF	1	GANAB-S5F
CASSNVLAGGRDTQYF	CAVAVWGNNAGNMLTF	1	GANAB-S5F
CASSNVLAGGRDTQYF	CAVLTDSWGKLQF	1	GANAB-S5F
CASSPWTLNEQYF	CAASGGGADGLTF	1	GANAB-S5F
CASSQAHTGELFF	CAVTGSGYALNF	1	GANAB-S5F
CASSRQPMNTEAFF	CAVTTDSWGKLQF	1	GANAB-S5F
CASSSLGEQFF	CAVIPDSNYQLIW	1	GANAB-S5F
CASTGTDSYEQYF	CAVSLYNQGGKLIF	1	GANAB-S5F
CATSEGLQYEQYF	CAETGDSNYQLIW	1	GANAB-S5F
CSARPGLAGGYEQYF	CALSEAEYNFNKFYF	1	GANAB-S5F
CSVGTYSNQPQHF	CAMREDAGGTSYGKLTF	1	GANAB-S5F
