CDR3a	CDR3b	Counts	Peptide
CAMSTEDDKIIF	CASAPGPVYEQYF	2	ATP6AP1-KLG_G3W
CALSTGNQFYF	CASSAGQGYEQYF	1	ATP6AP1-KLG_G3W
CAVFNNARLMF	CASSFGQNYEQYF	1	ATP6AP1-KLG_G3W
CAVAGVISGTYKYIF	CASSISPSSYEQYF	1	ATP6AP1-KLG_G3W
CAVNRDSGYALNF	CASSLEDSANYGYTF	1	ATP6AP1-KLG_G3W
CAVTVDDMRF	CASSPAPAYEQYF	1	ATP6AP1-KLG_G3W
CAVDLEVGGNKLVF	CASSPDRFYEQYF	1	ATP6AP1-KLG_G3W
CAVGEDGQNFVF	CASSPGQGYEQYF	1	ATP6AP1-KLG_G3W
CAVVKTSYDKVIF	CASSPGQGYEQYF	1	ATP6AP1-KLG_G3W
CAVDETTDSWGKLQF	CASSPGTAYEQYF	1	ATP6AP1-KLG_G3W
CAVGSQGGSEKLVF	CASSPGTGYEQYF	1	ATP6AP1-KLG_G3W
CAYRRMVSGGSNYKLTF	CASSPGTGYEQYF	1	ATP6AP1-KLG_G3W
CAVRDIGDNNDMRF	CASSPSQGYGYTF	1	ATP6AP1-KLG_G3W
CAVFMEYGNKLVF	CASSQATGYEQYF	1	ATP6AP1-KLG_G3W
CAEVNTDKLIF	CASSQGPNYEQYF	1	ATP6AP1-KLG_G3W
CAVNDGTASKLTF	CASSQVVVGYGYTF	1	ATP6AP1-KLG_G3W
CAFAGTYKYIF	CASSVGGGEVEAFF	1	ATP6AP1-KLG_G3W
CAVKAGNFGNEKLTF	CASSVGGGEVEAFF	1	ATP6AP1-KLG_G3W
CALSEAEGNTPLVF	CASSVGGGSNQPQHF	1	ATP6AP1-KLG_G3W
CAVGEDSNYQLIW	CASSVGGGYEQYF	1	ATP6AP1-KLG_G3W
CGTGGAGDYKLSF	CASSVSTNYEQYF	1	ATP6AP1-KLG_G3W
CAGQTDSNYQLIW	CASSYGTGYEAFF	1	ATP6AP1-KLG_G3W
CAVNMYGGYQKVTF	CASTPGTEAFF	1	ATP6AP1-KLG_G3W
CAPFNTDKLIF	CSARDVGISYEQYF	1	ATP6AP1-KLG_G3W
