CDRa	CDRb	Counts
CAMREGTGRRALTF	CASSYFGGSLSEQYF	18
CAVGEYGNKLVF	CASSPGPYEQYF	1
CVVNEYSSASKIIF	CASSQGWDEQYF	1
CAVYSGGYNKLIF	CASSFVNTGELFF	1
CAVNDYKLSF	CASSWTGANYGYTF	1
CAMREGMDSSYKLIF	CASMTNNQPQHF	1
CAVGMDSSYKLIF	CASNQPQHF	1
CVVSAMGGGNKLTF	CASNQPQHF	1
CALSEAGYGNNRLAF	CASSESFPASGGSTDTQYF	1
CAVQAADSSASKIIF	CASSFWAGGWTEAFF	1
CATGDLGNQFYF	CASSLGFGYEQFF	1
CLAFSGGYNKLIF	CASSLGPAYNEQFF	1
CVVSVSGGYNKLIF	CASSLVESEQFF	1
CAVGIYNQGGKLIF	CASSPGLDYEQYF	1
CAMRGGLYNFNKFYF	CASSPQGQGESGANVLTF	1
CAGFSGGYNKLIF	CASSRGTGGYEQFF	1
CLVGDVQEGFQKLVF	CSARDPSQGGYEQYF	1
CAVILQGAQKLVF	CSARGAGVPYEQYF	1
CAVSSITQGGSEKLVF	CSARGAGVPYEQYF	1
CADYYGQNFVF	CASSFQGYTEAFF	3
CATNTGNQFYF	CASSPTTRTRYYGYTF	1
CAAPRETSYDKVIF	CASSSANYGYTF	28
CAGPMKTSYDKVIF	CASSSANYGYTF	3
CAGPTKTSYDKVIF	CASSSANYGYTF	3
CAMRAFGADGQKLLF	CASSYATEVAGETQYF	1
CAVNYGNMLTF	CASSYATEVAGETQYF	1
CAVFYGNKLVF	CASSYATGIPDTQYF	6
CARNTGNQFYF	CASSYSTGTAYGYTF	1
CILSNNNDMRF	CAWSISDSSRVEAFF	8
CVVNLPNTGFQKLVF	CASRTGTSGGFPNTGELFF	1
CALRIGGSTLGRLYF	CASSASGGRDYGYTF	1
CAVSSGTYKYIF	CASSLLGNTEAFF	1
CAMSVGGLTGGGNKLTF	CASSLSGQGATNEKLFF	1
CAVITGGGNKLTF	CASSLAGGGEQYF	1
CATGLNYGGSQGNLIF	CASSLFNQETQYF	1
CASSGLSSGGSYIPTF	CASSPLRGPADRTGTEAFF	8
CAVKGGGADGLTF	CSALTGSSYEQYF	1
CAAYNAGNMLTF	CASSHRGSGNTIYF	1
CAVNRDSGTYKYIF	CASSFEWSYEQYF	1
CAVSFGSSNTGKLIF	CASGFTFQGSPEAFF	1
CAVRYSSASKIIF	CASRPGGGGYTF	1
CALSPGYNFNKFYF	CASSSRDRSSSTEAFF	1
CIVRGFAYGQNFVF	CASSSRDRSSSTEAFF	1
CAFGDNYGQNFVF	CASSTALAASYEQYF	1
CAGGPYNTDKLIF	CASSTTEAYEQYF	1
CAVRDDTGGFKTIF	CASSTTEAYEQYF	1
CAVGRDGNQFYF	CASSTTGGGNYEQYF	1
CAGLADSNYQLIW	CASSVGSGGRPSSYNEQFF	1
CAMREGTGRRALTF	CATHGVSSRETQYF	1
CAVSFGSSNTGKLIF	CASGFTFQGSPEAFF	1
CALSPGYNFNKFYF	CASSSRDRSSSTEAFF	1
CIVRGFAYGQNFVF	CASSSRDRSSSTEAFF	1
CAFGDNYGQNFVF	CASSTALAASYEQYF	1
CAGGPYNTDKLIF	CASSTTEAYEQYF	1
CAVRDDTGGFKTIF	CASSTTEAYEQYF	1
CAVGRDGNQFYF	CASSTTGGGNYEQYF	1
CAGLADSNYQLIW	CASSVGSGGRPSSYNEQFF	1
CAMREGTGRRALTF	CATHGVSSRETQYF	1
CAPGIAGGTSYGKLTF	CASSLAYSYEQYF	1
CAAYNAGNMLTF	CASSHRGSGNTIYF	1
CVVNGGGYQKVTF	CASSAGLFPEQFF	1
CAVMADGQKLLF	CASSQTIGTGFSNEQFF	1
CAYRSPPSSEKLVF	CASSFLGTGLNEQYF	1
CAYRSPPSSEKLVF	CASSFLGTGLNEQYF	15
CALLDGNKLVF	CASSIGLNQPQHF	1
CASLRNMLTF	CASSIGLNQPQHF	1
CAYRSPPSSEKLVF	CASSFLGTGLNEQYF	14
CAYRLGGSEKLVF	CASSFPPAGTGELFF	1
CALLDGNKLVF	CASSIGLNQPQHF	1
CASLRNMLTF	CASSIGLNQPQHF	1
CALDAGNMLTF	CASLGLEYEQYF	1
CAVRDMHPRGYNKLIF	CATRGGEGQPQHF	1
CLVGGYSGGYQKVTF	CATRGGEGQPQHF	1
CAVEGSRLTF	CASSEVRGPWAETQYF	1
CAVSETGAGNNRKLIW	CASSEVRGPWAETQYF	1
CAVGSARQLTF	CATSVGSGPLSTDTQYF	1
CAMREGTTDSWGKLQF	CSARDLGLHQPQHF	1
CVVNGGGYQKVTF	CASSAGLFPEQFF	1
CAASASTDKLIF	CASSLGLADPNNEQFF	1
CAYSMLDRLMF	CATRKSYNSPLHF	1
CAMSLSNFGNEKLTF	CSARDGGLAGEQKVGDTQYF	1
CAYRSALWGAQKLVF	CASSLAENSGNTIYF	1
CAVSSYDKVIF	CSALTGNQPQHF	1
CAVNGDSGGSNYKLTF	CASSLWGAGELFF	1
CVVADDKIIF	CASSVDGGSQPQHF	1
CAMSQDYNTDKLIF	CASRTRQEAFF	1
CAGGGSQGNLIF	CASSIRSSYEQYF	1
CATDAVSGTGGTSYGKLTF	CASSIYGAGYTEAFF	1
CAGAGGGSQGNLIF	CASSPRSTDTQYF	1
CATNTGNQFYF	CASSPTTRTRYYGYTF	1
CDPSGGNNRKLIW	CASSVYSGGYNEQFF	1
CAVSPFGNVLHC	CASTGQNPEAFF	1
CGTLRNNNARLMF	CASWDRGNEQFF	1
CATDEVDSSYKLIF	CASTSYTEAFF	1
CALSLAEGNFNKFYF	CASTWTGEQYF	1
CAAPGNTPLVF	CAISETTGINEQFF	1
CAAFSGGGADGLTF	CASMRGAHTGELFF	1
CAVNPTGYSTLTF	CASNSGGYNEQFF	1
CAGNTGNQFYF	CASRPQGLGNTIYF	1
CGGQAGTALIF	CASRSYVASSNEQFF	1
CAVSGGGADGLTF	CASSALGINEQFF	1
CAMTLSNFGNEKLTF	CASSDMAGDGYTF	1
CALPSGNTPLVF	CASSDPGSGAYEQYF	1
CAVNKGFQKLVF	CASSDSYEQYF	1
CAVNTGFQKLVF	CASSEANEKLFF	1
CAVNPGGADGLTF	CASSEAPGTSVGGLFF	1
CAVTTDSWGKLQF	CASSEGGIGELFF	1
CAVTAGGTSYGKLTF	CASSFAGTTEAFF	1
CAVTGGGTSYGKLTF	CASSFALSNEAFF	1
CAVTGQGGKLIF	CASSFGGGGQPQHF	1
CAASGGGADGLTF	CASSFGGLARNEQFF	1
CAVQGGGSQGNLIF	CASSLAGQVFSGELFF	1
CAVPTNFGNEKLTF	CASSLEGTGLTDTQYF	1
CAVIRSGGYNKLIF	CASSLELAGGPAFF	1
CAPPGDGNNRLAF	CASSLGAGGGGTQYF	1
CAAFTSGNTPLVF	CASSLGGLGQPQHF	1
CAASKEAAGNKLTF	CASSLGLGQPQHF	1
CAVKDGQNFVF	CASSLGLGQPQHF	1
CAAEFYF	CASSLGQGQPQHF	1
CAVGLGFGNVLHC	CASSLGVGTEAFF	1
CAGLNNARLMF	CASSLQGGYGGGYTF	1
CASTGGKLIF	CASSLSTVFTDTQYF	1
CAVGREAAGNKLTF	CASSLTSGSFAGELFF	1
CAVGRDDKIIF	CASSLTTGVFSQPQHF	1
CAAPSGNTPLVF	CASSMAGEQYF	1
CAASLGGGADGLTF	CASSPDVGHEKLFF	1
CAVNRDNFNKFYF	CASSPEPGSHEQYF	1
CAGGGGSSNTGKLIF	CASSPGGTEAFF	1
CAMSQSNFGNEKLTF	CASSPGQSPTNEKLFF	1
CALAIGFGNVLHC	CASSPIGGGSNEQFF	1
CAVNTGFQKLVF	CASSPNLAGEEQYF	1
CALSRPSRGSQGNLIF	CASSPQGSGGEAFF	1
CAVRSERSGGGADGLTF	CASSPSPAGAYEQYF	1
CAVGGGSQGNLIF	CASSPYRTGNIQYF	1
CAVSDGQKLLF	CASSQAGVGGELFF	1
CAVNGNNRLAF	CASSQAPLASGGYTF	1
CAVANAGNMLTF	CASSQEVGLAGETQYF	1
CASDNNARLMF	CASSQEVVANNEQFF	1
CAALTGNQFYF	CASSQGSGQPQHF	1
CAAGGSQGNLIF	CASSQGTINTGELFF	1
CAVNLNQAGTALIF	CASSQVGSTEAFF	1
CAVRTQIIF	CASSRSPGGVYEQYF	1
CAVEGSRLTF	CASSSGPTMGGKLFF	1
CAVNTGFQKLVF	CASSSPGGETQYF	1
CAASGGGADGLTF	CASSSTVYNEQFF	1
CALPKGGYSTLTF	CASSTTGTGLLEQYF	1
CAVNVQGGSEKLVF	CASSWTGGGQPQHF	1
CAMREGTGRRALTF	CASSYFGGSLSEQYF	60
CAMREGTGRRALTF	CASSYFRGSLSEQYF	1
CAVSGTASKLTF	CASSYGTGDGYTF	1
CAVTRGGADGLTF	CASSYSGLGQPQHF	1
CAVNVANDMRF	CASSYSIGNTEAFF	1
CAGSGGGYQKVTF	CASSYSQGVYTGELFF	1
CAGYKLVF	CASSYSQGVYTGELFF	1
CAVNTGGGADGLTF	CASTQGDTGELFF	1
CAVNGGNQFYF	CASTQWYGGGTPPYF	1
CAVSGSARQLTF	CASTTGDGLGAFF	1
CAVPTFVNTGKLIF	CASTYGGLNEQYF	1
CAPTIYNQGGKLIF	CATSGSYEQYF	1
CAVNGGGKLTF	CATSGSYEQYF	1
CATCMDSNYQLIW	CATSPYSVTTFANTIYF	1
CAADNYGQNFVF	CAWSVSGLGYGYTF	1
CAVSSYDKVIF	CSALTGNQPQHF	1
CAVNIPTF	CSARDGTSSGYF	1
CVVNPFGNEKLTF	CSARHPGVSTDTQYF	1
CAVGAGPGAGSYQLTF	CASRSHPTYEQYF	1
CAVSVITQGGSEKLVF	CASSAGRYEQYF	1
CAYYGGSQGNLIF	CASSATGVSPYEQYF	1
CAMRVRTWGQNFVF	CASSFANSPLHF	1
CASSGLSSGGSYIPTF	CASSPLRGPADRTGTEAFF	1
CAVNNDYKLSF	CASSQEMASVQETQYF	1
CVVTASNDMRF	CASSQETSPNYGYTF	1
CAVNQAGTALIF	CASSQTGTGAYEQYF	1
CALNFGNEKLTF	CASSSGPRGNEQFF	1
CAVITGGGNKLTF	CASSVAGSTEAFF	1
CAATQGGSEKLVF	CASSVGVGTDTQYF	1
CAVRDMGSNYQLIW	CASSYAQGAETQYF	1
CAMREGTGRRALTF	CASSYFGGSLSEQYF	11
CAMREGPGGTSYGKLTF	CASSYRQDSNQPQHF	1
CAYGSNNNDMRF	CASSYSPGTGNTIYF	1
CAVSDLNYGQNFVF	CASTYGGGALNEQFF	1
CAEYSSASKIIF	CSANRQGSIYF	1
CAMRELTSGTYKYIF	CSPLGGQGVWDEQFF	1
CAGVPSNTGKLIF	CASSPWRGPFQETQYF	1
CALPNFGNEKLTF	CASSYRFDSPLHF	1
CATDGEDDSWGKLQF	CASVLGGSSYNEQFF	1
CAMSESDGQKLLF	CASSLVPLSPEQYF	1
CAVNPRDNYGQNFVF	CASSQDIGNFEQFF	1
CVVNFPTNAGKSTF	CASSLGQGLSYEQYF	1
CATGFSGAGSYQLTF	CASSLVMDNYGYTF	1
CAVEGSRLTF	CASSLVMDNYGYTF	1
CALSGSDSWGKLQF	CASSESTIVQGYNEQFF	1
CAVNPSNQFYF	CASRGPYHNEQFF	1
CAMDSSYKLIF	CASSALAGGQADTQYF	1
CIVRVECMYSGGGADGLTF	CASSALAGGQADTQYF	1
CAAGGSYIPTF	CASSGTGGYSGANVLTF	1
CVVSEEYTNAGKSTF	CASSLERLRVYSGYTF	1
CAADSWGKLQF	CATSDSTGSYGYTF	1
CAVSGYSTLTF	CSVGLGQTGTEAFF	1
CSLANAGKSTF	CASSLVGGITGELFF	1
CVFPNQGGSEKLVF	CASSQDPGNGNTIYF	1
CAMSDTNAGKSTF	CASSTSAGFSNQPQHF	1
CAYRSVPDMRF	CAWSGFSRTEAFF	1
