nucleotide	aminoAcid	counts
	CASSLGAAVREQYF	1
	CASSPGTDTQYF	1
	CASSVESGGLSYEQYF	1
	CAGGTDYEQYF	1
	CAMREGRRDDKIIF	1
	CAMREVYGQNFVF	1
	CANCRWAPAPYEQYF	1
	CASAGTSGYEQYF	1
	CASEPSGMTYNEQFF	1
	CASKGDRGFGNQPQHF	1
	CASREGSYNEQFF	1
	CASRIGAAGNSPLHF	1
	CASRLAGGSDEQFF	1
	CASRPGSRETDTQYF	1
	CASRQASEQYF	1
	CASRTSGGPADTQYF	1
	CASRVGGAGNNEQFF	1
	CASSARGLAGETNTDTQYF	1
	CASSASGTGGEQYF	1
	CASSAVGTGWHEQYF	1
	CASSDESWGEDEQFF	1
	CASSDGDEENIQYF	1
	CASSEARQGDQPQHF	1
	CASSEGLLYEQYF	1
	CASSELGGPNTEAFF	1
	CASSEVGKGNQPQHF	1
	CASSFALGGHGYTF	1
	CASSFDAGMNTEAFF	1
	CASSFGSSTQYF	1
	CASSFLAASFYEQYF	1
	CASSFREAYEQYF	1
	CASSFYGETQYF	1
	CASSGGLAGTYEQYF	1
	CASSGGVQGEQFF	1
	CASSHRDRATEAFF	1
	CASSIQGGREAFF	1
	CASSKQGSSYNEQFF	1
	CASSKTSASYEQYF	1
	CASSLAGPGLSTEAFF	1
	CASSLAPGLGTEAFF	1
	CASSLAQGMGPGNTIYF	1
	CASSLASSSQAYEQYF	1
	CASSLAVRNNEQFF	1
	CASSLDYRGVGYGYTF	1
	CASSLEGDQPQHF	1
	CASSLEGQASSYEQYF	1
	CASSLEGRNTEAFF	1
	CASSLGGANVLTF	1
	CASSLGGQGAGETQYF	1
	CASSLGMFDQPQHF	1
	CASSLGQGNTEAFF	1
	CASSLGQNRPQHF	1
	CASSLGRETQYF	1
	CASSLGRGTGELFF	1
	CASSLISQDTEAFF	1
	CASSLKAPEAFF	1
	CASSLLAGLVFDEQFF	1
	CASSLLGSGETQYF	1
	CASSLNDRGLTGNEQFF	1
	CASSLNRVAAVYEQYF	1
	CASSLQGPNQPQHF	1
	CASSLRKRSTGELFF	1
	CASSLRQGADEKLFF	1
	CASSLSDPYEQYF	1
	CASSLSEQGRGYTF	1
	CASSLSGSTDTQYF	1
	CASSLSRPDTQYF	1
	CASSLSTQPLGDEQFF	1
	CASSLTGTGEKLFF	1
	CASSLVAGTGSVSYEQYF	1
	CASSLVSGDTQYF	1
	CASSLWTTGGNQPQHF	1
	CASSLYTGGRETQYF	1
	CASSPAGPGMNTEAFF	1
	CASSPARAERGRELFF	1
	CASSPDRRLRTEAFF	1
	CASSPDSPYEQYF	1
	CASSPFSGPSYEQYF	1
	CASSPGISGYEQYF	1
	CASSPGLANTDTQYF	1
	CASSPKDRDPLGYGYTF	1
	CASSPLLTTSAPDTQYF	1
	CASSPPSGPVRNEQFF	1
	CASSPPSGPVRNEQYF	1
	CASSPPSGSAYNEQFF	1
	CASSPRQGAGETQYF	1
	CASSPRTSGLTDTQYF	1
	CASSPWGGEQYF	1
	CASSPWGGKETQYF	1
	CASSQAGGAGRNTGELFF	1
	CASSQDIVGTGKGYTF	1
	CASSQDPIQGTDTQYF	1
	CASSQDRGGVNYEQYF	1
	CASSQEAESSYEQYF	1
	CASSQEGAGPFYEQYF	1
	CASSQGAGQAYEQYF	1
	CASSQGGQHRSNEKLFF	1
	CASSQGLANTDTQYF	1
	CASSQGLGSYEQYF	1
	CASSQGPAGGSALHF	1
	CASSQSGTSTDTQYF	1
	CASSQSPGGIQYF	1
	CASSQTSGTGREQFF	1
	CASSQVDFRADRSSYNEQFF	1
	CASSQVGGDEQFF	1
	CASSQVLTGLDEQFF	1
	CASSQWAGANNEQFF	1
	CASSRDSTGELFF	1
	CASSRTTGLDGYTF	1
	CASSRTVYEQYF	1
	CASSSDPVAVTNQPQHF	1
	CASSSEEEAYGYTF	1
	CASSSERTDGASGANVLTF	1
	CASSSGDTYYEQYF	1
	CASSSGQEKLFF	1
	CASSSKPYEQYF	1
	CASSSLADQETQYF	1
	CASSSLSGYNEQFF	1
	CASSSPWGDATEAFF	1
	CASSSTASRNTGELFF	1
	CASSSVNEQFF	1
	CASSTLPNMNTEAFF	1
	CASSTTSGNTGELFF	1
	CASSTWTAPQETQYF	1
	CASSVALGVDGTDTQYF	1
	CASSVDGGGTEAFF	1
	CASSVDGSGVTYEQYF	1
	CASSVDRQPGNTIYF	1
	CASSVEQGISEAFF	1
	CASSVGGLGSTDTQYF	1
	CASSVGGSNQPQHF	1
	CASSVGVSYEQYF	1
	CASSVRDNQETQYF	1
	CASSVVSGTSGRGNEQFF	1
	CASSWETSGNTGELFF	1
	CASSWGRIYGYTF	1
	CASSWSGRAYEQYF	1
	CASSYATGSGANVLTF	1
	CASSYATGSQNIQYF	1
	CASSYGGGTYEQYF	1
	CASSYGQALLADEQFF	1
	CASSYLRAGDNEQFF	1
	CASSYPEPSIQYF	1
	CASSYSDSNYEQYF	1
	CASSYSFLVIGDNTEAFF	1
	CASSYSIGVVSEQYF	1
	CASSYSSALSNQPQHF	1
	CASSYSWPPETYEQYF	1
	CASTGGDTSYNEQFF	1
	CASTQAGMNTEAFF	1
	CATAARETQETQYF	1
	CATSETGDPYGYTF	1
	CATSPDRGGADEKLFF	1
	CATSRDRWNTEAFF	1
	CATSRGDEVGEQYF	1
	CATSRTSGEEQYF	1
	CATSRVAGEEQFF	1
	CATSYTGSANYGYTF	1
	CAWRDRVYDEKLFF	1
	CAWSGPAGLLQYF	1
	CAWSLTSGRGHEQFF	1
	CAWSSGAGRDEQFF	1
	CISVPAAGLVGGARDTQYF	1
	CSAPRYNEQFF	1
	CSARDDGTVDYGYTF	1
	CSARDFIGGNEQFF	1
	CSARDRDRGYEQYF	1
	CSARDVSLAGGPDEQYF	1
	CSARLADNEQFF	1
	CSARNYLKTNEQFF	1
	CSATSGGTLEQYF	1
	CSAVVVQKPSYEQYF	1
	CSVEDGGFPYEQYF	1
	CSVEDRVGGTAGYEQYF	1
	CSVEDTGTAQGGYEQYF	1
	CSVEVEGAASYEQYF	1
	CSVEVWDEETQYF	1
	CSVPGAGRYNEQFF	1
	CSVSGLAGGYEQYF	1
	CASSFGTGWSDEQFF	1
	CASSGEEYEQYF	1
	CASSHRDLGYEQYF	1
	CASSLAGQGSPYEQYF	1
	CASSLAIASYNEQFF	1
	CASSLGAGGTDTQYF	1
	CASSLGQGLAEETQYF	1
	CASSLGTILHF	1
	CASSLISSDTQYF	1
	CASSLLEIHEQYF	1
	CASSLLTGNTEAFF	1
	CASSLRGHSYEQYF	1
	CASSLVGAGGSYEQYF	1
	CASSQDLGEQYF	1
	CASSQVGKQMNTEAFF	1
	CASSSAGGRTDTQYF	1
	CASSSGRVYEQYF	1
	CASSTGLTEAFF	1
	CASSYLQGFNSPLHF	1
	CASSYREKADTQYF	1
	CAWASNPDEQFF	1
	CAWQDRWASHNEQFF	1
	CAWSGGQNEQFF	1
	CAWSSGRPHSNYEQYF	1
	CAWSVGGGLETQYF	1
	CAWSVVGNEQFF	1
	CAYRQAGELFF	1
	CSARDLLGTSETQYF	1
	CASSLIGVSSYNEQFF	1
	CASSSGTSVNDEQFF	1
	CAWSDRGLVDTQYF	1
	CAWSGDGGTEAFF	1
	CASSGDHSYEQYF	1
	CASSHSYSGLAAQETQYF	1
